Date,Platform,Content,Hashtags,Theme,Image_Prompt,Best_Time
"2026-04-20","LinkedIn","**The Future of Archive Management: Beyond Simple Scanning.** Many organizations mistake digitization for mere scanning. True digitization involves converting unstructured data into searchable, actionable insights. By leveraging OpenAI OCR and a robust Node.js backend, we aren't just creating PDFs; we are creating a dynamic database of knowledge. Integrating PostgreSQL for metadata management ensures that a document from 1950 is as discoverable as one from 2024. The shift from physical archives to AWS S3 cloud storage doesn't just save space—it saves thousands of man-hours in retrieval time. Is your organization still hunting through folders, or are you leveraging AI to unlock your data?","#DigitalTransformation #AIOCR #EnterpriseTech #KnowledgeManagement","Educational","Professional flat-lay of a vintage leather book next to a sleek modern tablet showing a clean UI dashboard, dark green #006400 accents, soft studio lighting, white background.","Tuesday 9:00 AM EST"
"2026-04-27","LinkedIn","**Case Study: Reducing Retrieval Time by 95% for Legal Archives.** We recently partnered with a mid-sized law firm struggling with 20 years of physical case files. The challenge? Manual searching was killing productivity. By implementing our platform—built on a scalable Next.js frontend and Express.js API—we digitized 50,000+ pages with 99% OCR accuracy. The result: documents that previously took 30 minutes to find are now accessible in 3 seconds via a global search bar. Efficiency isn't just about speed; it's about the accuracy of the data you retrieve. Proud to help our clients turn ""paper weight"" into a competitive advantage.","#CaseStudy #LegalTech #Efficiency #AIImplementation","Social Proof","High-resolution split screen: Left side shows a dusty, cluttered archive room in grayscale; Right side shows a bright, modern office with a person smiling at a laptop with a #006400 branded interface.","Wednesday 8:30 AM EST"
"2026-05-04","LinkedIn","**Engineering for Scale: Why Our Stack Matters.** People often ask why we chose the ""PERN"" stack (PostgreSQL, Express, React/Next.js, Node.js) combined with AWS S3. The answer is reliability. When you are processing thousands of high-resolution images via OpenAI OCR, latency is the enemy. Next.js allows us to provide a lightning-fast user experience, while AWS S3 ensures that document storage is virtually infinite and highly secure. Our team spends a lot of time obsessing over the ""small things""—like TailwindCSS spacing and API response times—because we know that for a professional user, a seamless UI is just as important as the AI under the hood.","#BuildInPublic #NextJS #SoftwareEngineering #TechStack","BTS/Culture","Candid shot of two developers collaborating over a monitor showing a VS Code window with colorful syntax highlighting and a dark green #006400 themed UI mockup, modern office setting.","Thursday 9:15 AM EST"
"2026-05-11","LinkedIn","**Stop Managing Paper. Start Managing Data.** Your physical archives are a goldmine of information, but they are currently locked in a format that AI can't read. Our Book Digitization Platform unlocks that value instantly. From automated OpenAI OCR transcription to secure AWS S3 cloud hosting, we provide an end-to-end pipeline to modernize your library. Whether you are an academic institution, a legal firm, or a corporate archive, it's time to move into the digital age. Ready to see your archives in a new light? Book a demo today and experience the power of AI-driven digitization.","#SaaS #BusinessAutomation #AI #Digitization","Promotional","A minimalist 3D render of a physical book transforming into digital binary code particles that flow into a cloud icon, deep green #006400 and white color palette, cinematic lighting.","Tuesday 10:00 AM EST"
"2026-05-18","Twitter/X","Why PostgreSQL for document metadata? 🐘 Because relational integrity matters when linking thousands of digitized pages to specific archives. Pair it with AWS S3 for storage, and you have a scalable, enterprise-grade system. #Database #Backend #TechTips","Macro shot of a server rack with glowing dark green #006400 LED lights, shallow depth of field, futuristic tech vibe.","Educational","Monday 10:00 AM EST",""
"2026-05-25","Twitter/X","""We turned 10,000 pages of handwritten notes into a searchable database in 48 hours."" 🚀 This is the power of combining OpenAI OCR with a streamlined Node.js pipeline. Efficiency unlocked. #AI #Productivity #OCR","A "Before and After" image: A blurry handwritten page vs. a crisp, digitally typed version in a clean #006400 branded app interface.","Social Proof","Wednesday 11:00 AM EST",""
"2026-06-01","Twitter/X","TailwindCSS is a cheat code for rapid UI development. 🎨 Our dashboard is clean, responsive, and consistent thanks to utility-first CSS. Keeping it sleek, fast, and #006400 green. #WebDev #TailwindCSS #Coding","Screenshot of a clean, modern UI code snippet in a dark mode editor, with a small preview of a dark green #006400 button.","BTS/Culture","Friday 9:00 AM EST",""
"2026-06-08","Twitter/X","Still manually typing data from old books? 🛑 Stop the madness. Let our AI do the heavy lifting. High-accuracy OCR + Cloud Storage = Total Peace of Mind. Try it now! 🔗 [Link] #AI #Automation #Digitize","High-energy 3D icon of a robot arm scanning a book with a green #006400 laser beam, white background, isometric view.","Promotional","Tuesday 12:00 PM EST",""
"2026-06-15","Instagram","📚 How it works: 1️⃣ Upload your scans to AWS S3 ☁️ 2️⃣ OpenAI OCR analyzes the text 🤖 3️⃣ PostgreSQL organizes the metadata 🗄️ 4️⃣ Access everything via our Next.js dashboard! 💻 It's that simple. #AI #TechExplained #Digitization #SmartWork #CloudComputing #NextJS #Innovation #OCR #DataScience #Workflow","Carousel image 1: A stylized infographic showing a book $\rightarrow$ Cloud $\rightarrow$ AI $\rightarrow$ Dashboard, using a #006400 and white color scheme.","Educational","Monday 12:00 PM EST",""
"2026-06-22","Instagram","""The most seamless transition from paper to digital we've ever experienced."" ✨ We love seeing our clients reclaim their office space and their time! 🕒 Swipe to see the transformation. #CustomerSuccess #DigitalTransformation #AI #Efficiency #HappyClient #BusinessGrowth #Archive #TechSolution #OCR #Cloud","A high-quality photo of a happy professional holding a tablet showing the platform, with a blurred background of a clean, organized office, #006400 accents.","Social Proof","Wednesday 11:00 AM EST",""
"2026-06-29","Instagram","Coffee, Code, and Cloud. ☕️💻 A look inside the lab where we build the future of document digitization. From tweaking Express routes to polishing Tailwind components, we're obsessed with the details. #DevLife #CodingCommunity #BuildInPublic #StartupLife #NextJS #NodeJS #TechCulture #OfficeVibes #SoftwareEngineer #GreenEnergy","Aesthetic "desk setup" photo: Mechanical keyboard, a cup of coffee, a monitor with code, and a small green plant, soft natural lighting, #006400 brand colors in the UI.","BTS/Culture","Friday 1:00 PM EST",""
"2026-07-06","Instagram","Your archives are waiting to be discovered. 🔍 Stop letting valuable knowledge gather dust. Turn your books into a searchable digital goldmine today! 🚀 Link in bio for a free trial. #SaaS #AI #DigitalArchive #TechTrends #Innovation #BusinessTools #OpenAI #CloudStorage #ModernOffice #Efficiency","A visually striking image of an open book where the words are floating up and turning into digital pixels, dark green #006400 background, magical lighting.","Promotional","Monday 11:00 AM EST",""
"2026-07-13","Facebook","Did you know that physical documents degrade over time? 📉 From ink fading to paper decay, your history is at risk. Moving your archives to AWS S3 doesn't just make them searchable—it preserves them forever. Have you thought about a digital backup strategy for your important records? Let's discuss in the comments! 👇 #DataPreservation #CloudStorage #BusinessTips #AI #DigitalSecurity","A side-by-side comparison of a yellowed, torn piece of paper vs. a crisp digital document on a screen with a #006400 border.","Educational","Tuesday 10:00 AM EST",""
"2026-07-20","Facebook","Another success story! 🌟 We helped a local historical society digitize 50 years of community records. Now, anyone can search their family history in seconds. It's amazing how AI can bring the past into the present. Who else has a mountain of paperwork that needs a digital home? 🏠 #Community #History #AI #SuccessStory #Digitization","A heartwarming photo of an elderly person and a young person looking at a tablet together, smiling, in a library setting, subtle #006400 tones.","Social Proof","Thursday 11:00 AM EST",""
"2026-07-27","Facebook","Meet the brains behind the platform! 🧠 Our team is a mix of AI enthusiasts and full-stack wizards. We believe that technology should make life easier, not more complex. That's why we focus on a clean, intuitive experience using TailwindCSS and Next.js. What's your favorite piece of tech that actually makes your life easier? 🛠️ #MeetTheTeam #Startup #TechInnovation #SoftwareDevelopment #CompanyCulture","A group photo of a diverse, smiling team in a modern co-working space, wearing casual clothes, with a #006400 branded banner in the background.","BTS/Culture","Friday 9:00 AM EST",""
"2026-08-03","Facebook","Is your office feeling more like a warehouse? 📦 It's time to clear the clutter. Our AI-powered digitization platform turns stacks of paper into a streamlined digital library. More space, more speed, more security. Ready to go paperless? Send us a message for a custom quote! 📩 #PaperlessOffice #SmallBusinessTips #AI #Organization #OfficeHack","A wide-angle shot of a cluttered office being "wiped clean" by a digital wave, leaving behind a minimalist desk with a laptop showing the #006400 interface.","Promotional","Wednesday 1:00 PM EST",""
"2026-08-10","TikTok","**(Hook)** Stop scanning your documents like it's 1999! **(Content)** Most people just make a PDF. We use OpenAI OCR to actually *read* the text, Node.js to process it, and PostgreSQL to make it searchable. It's the difference between a photo of a page and a living database. **(CTA)** Check the link in bio to see the magic! #AI #LifeHacks #TechTok #Coding #OCR #Productivity","Fast-cut montage: Old scanner $\rightarrow$ Error message $\rightarrow$ Our platform UI $\rightarrow$ Fast search result. Green #006400 overlays and upbeat synth music.","Educational","Tuesday 8:00 PM EST",""
"2026-08-17","TikTok","**(Hook)** POV: You just saved 40 hours of work per week. **(Content)** *Screen recording of the platform* $\rightarrow$ Uploading a massive PDF $\rightarrow$ AI extracting data instantly $\rightarrow$ Searching for a keyword $\rightarrow$ Result found in 0.1s. This is how our clients are scaling their operations. **(CTA)** Stop wasting time, start digitizing. #WorkSmarter #AI #BusinessHack #Automation #Success #Tech","Screen recording of the app in action, high speed, with a "mind-blown" emoji overlay and a dark green #006400 glow effect.","Social Proof","Thursday 7:00 PM EST",""
"2026-08-24","TikTok","**(Hook)** What it's actually like building an AI startup. **(Content)** *Fast cuts of:* Coding in VS Code $\rightarrow$ Drinking way too much coffee $\rightarrow$ A ""bug"" causing a crash $\rightarrow$ The ""Eureka!"" moment when the OCR works perfectly $\rightarrow$ High-fiving the team. **(CTA)** Follow for more build-in-public updates! #Developer #StartupLife #Coding #BuildInPublic #NextJS #TechLife","B-roll of a keyboard, coffee pouring, and a monitor showing a "Deployment Successful" message in a #006400 green terminal.","BTS/Culture","Wednesday 9:00 PM EST",""
"2026-08-31","TikTok","**(Hook)** Your filing cabinet is a graveyard for data. 🪦 **(Content)** Stop letting your info die in a folder. Our platform breathes life into your archives using AI and the cloud. Secure, fast, and incredibly powerful. **(CTA)** Click the link in bio for a free demo today! #Paperless #AI #Organization #BusinessGrowth #DigitalTransformation #SaaS","A transition video: A hand closing a dusty filing cabinet $\rightarrow$ Snap fingers $\rightarrow$ Hand opens a sleek laptop showing the #006400 dashboard.","Promotional","Tuesday 7:00 PM EST",""